Name,Price,Original Price,Image,Type,Stock,Date
Tsuru Katana,135.85,159.82,https://yarinohanzo.com/14156-home_default/tsuru-katana-iaito-practice-sword-handmade-samurai-sword.jpg,basic,True,2026-07-28
Hishikari Katana,135.85,159.82,https://yarinohanzo.com/14142-home_default/hishikari-katana-iaito-practice-sword-handmade-samurai-sword.jpg,basic,True,2026-07-28
Takenomori Katana,135.85,159.82,https://yarinohanzo.com/14128-home_default/takenomori-katana-iaito-practice-sword-handmade-samurai-sword.jpg,basic,True,2026-07-28
Shibata Katana,127.86,159.82,https://yarinohanzo.com/14115-home_default/shibata-katana-iaito-practice-sword-handmade-samurai-sword.jpg,basic,True,2026-07-28
Kochō Katana,127.86,159.82,https://yarinohanzo.com/14103-home_default/kocho-katana-iaito-practice-sword-handmade-samurai-sword.jpg,basic,True,2026-07-28
Suiryu Katana,135.85,159.82,https://yarinohanzo.com/14088-home_default/suiryu-katana-iaito-practice-sword-handmade-samurai-sword.jpg,basic,True,2026-07-28
Asakura Wakizashi,95.65,136.64,https://yarinohanzo.com/13516-home_default/asakura-wakizashi-iaito-practice-sword-handmade-samurai-sword.jpg,basic,True,2026-07-28
Musha Wakizashi,106.58,136.64,https://yarinohanzo.com/13506-home_default/musha-wakizashi-iaito-practice-sword-handmade-samurai-sword.jpg,basic,True,2026-07-28
Musashi Wakizashi Basic,106.75,152.50,https://yarinohanzo.com/13497-home_default/musashi-wakizashi-basic-iaito-practice-sword-handmade-samurai-sword.jpg,basic,True,2026-07-28
Yuki Katana,96.08,128.10,https://yarinohanzo.com/12259-home_default/yuki-katana-iaito-practice-sword-handmade-samurai-sword.jpg,basic,True,2026-07-28
Asakura Katana,105.47,115.90,https://yarinohanzo.com/12250-home_default/asakura-katana-iaito-practice-sword-handmade-samurai-sword.jpg,basic,True,2026-07-28
Musha Katana,117.02,132.98,https://yarinohanzo.com/11116-home_default/musha-katana-iaito-practice-sword-handmade-samurai-sword.jpg,basic,True,2026-07-28
Musashi Katana,117.58,148.84,https://yarinohanzo.com/11107-home_default/musashi-katana-iaito-practice-sword-handmade-samurai-sword.jpg,basic,True,2026-07-28
Ronin Katana,149.28,196.42,https://yarinohanzo.com/12174-home_default/ronin-katana-iaito-practice-sword-handmade-samurai-sword.jpg,practical,True,2026-07-28
Musashi Wakizashi,161.06,196.42,https://yarinohanzo.com/11206-home_default/musashi-wakizashi-iaito-practice-sword-handmade-samurai-sword.jpg,practical,True,2026-07-28
Yagyu Katana,139.08,185.44,https://yarinohanzo.com/11196-home_default/yagyu-katana-iaito-practice-sword-handmade-samurai-sword.jpg,practical,True,2026-07-28
Yamamoto Katana,149.40,191.54,https://yarinohanzo.com/11156-home_default/yamamoto-katana-iaito-practice-sword-handmade-samurai-sword.jpg,practical,True,2026-07-28
Nanbu Katana,148.35,185.44,https://yarinohanzo.com/11146-home_default/nanbu-katana-iaito-practice-sword-handmade-samurai-sword.jpg,practical,True,2026-07-28
Musashi Katana,174.24,235.46,https://yarinohanzo.com/11135-home_default/musashi-katana-iaito-practice-sword-handmade-samurai-sword-1.jpg,practical,True,2026-07-28
Minamoto Katana,184.35,267.18,https://yarinohanzo.com/11125-home_default/minamoto-katana-iaito-practice-sword-handmade-samurai-sword.jpg,practical,True,2026-07-28
Murakami Katana,139.46,196.42,https://yarinohanzo.com/12154-home_default/murakami-katana-iaito-practice-sword-handmade-samurai-sword.jpg,practical,True,2026-07-28
Iga Ninja To,230.34,287.92,https://yarinohanzo.com/14176-home_default/iga-ninja-to-iaito-practice-ninja-sword-handmade-sk-ninja-sword.jpg,special,True,2026-07-28
Sakura Iaito XL Generation 2,298.90,427.00,https://yarinohanzo.com/13383-home_default/sakura-iaito-xl-generation-2-iaito-practice-sword-handmade-samurai-sword.jpg,special,True,2026-07-28
Taira Iaito Generation 2,266.25,416.02,https://yarinohanzo.com/13347-home_default/taira-iaito-generation-2-iaito-practice-sword-handmade-samurai-sword.jpg,special,True,2026-07-28
Sankaku Yari,320.25,427.00,https://yarinohanzo.com/12472-home_default/sankaku-yari-iaito-practice-japanese-spear-handmade-samurai-spear.jpg,special,True,2026-07-28
Shinobi Kodachi,105.14,169.58,https://yarinohanzo.com/12189-home_default/shinobi-kodachi-ninja-kodachi-kakushi-ken-handmade-ninja-sword.jpg,special,True,2026-07-28
Shikorogatana,242.44,351.36,https://yarinohanzo.com/12106-home_default/shikorogatana-iaito-practice-sword-handmade-ninja-sword.jpg,special,True,2026-07-28
Shirasaya,105.04,128.10,https://yarinohanzo.com/11446-home_default/shirasaya-iaito-practice-sword-handmade-samurai-sword.jpg,special,True,2026-07-28
Shinobigatana (Traditional Ninja To),191.24,254.98,https://yarinohanzo.com/11395-home_default/shinobigatana-traditional-ninja-to-iaito-practice-sword-handmade-ninja-sword.jpg,special,True,2026-07-28
Jintachi,105.23,152.50,https://yarinohanzo.com/11377-home_default/jintachi-iaito-practice-tachi-sword-handmade-samurai-sword.jpg,special,True,2026-07-28
Nodachi,271.69,319.64,https://yarinohanzo.com/11368-home_default/nodachi-iaito-practice-sword-handmade-samurai-sword.jpg,special,True,2026-07-28
Ô-Katana,234.04,265.96,https://yarinohanzo.com/11359-home_default/o-katana-iaito-practice-sword-handmade-samurai-sword.jpg,special,True,2026-07-28
Sakura Iaito Generation 2,255.18,405.04,https://yarinohanzo.com/11349-home_default/sakura-iaito-generation-2-iaito-practice-sword-handmade-samurai-sword.jpg,special,True,2026-07-28
Performance Iaito,157.09,212.28,https://yarinohanzo.com/11339-home_default/performance-iaito-iaito-practice-sword-handmade-samurai-sword.jpg,special,True,2026-07-28
Nagamaki,212.77,265.96,https://yarinohanzo.com/11093-home_default/nagamaki-iaito-practice-sword-handmade-samurai-sword.jpg,special,True,2026-07-28
OKATANA LIMITED EDITION,390.71,640.50,https://yarinohanzo.com/14388-home_default/o-katana-limited-edition-handmade-iaito-sword.jpg,special,True,2026-07-28
Higo Koshirae Iaito XL Generation 2,349.46,416.02,https://yarinohanzo.com/13791-home_default/higo-koshirae-iaito-xl-generation-2-iaito-practice-sword-handmade-samurai-sword.jpg,performance,True,2026-07-28
Miyamoto Musashi Iaito XL 11th Anniversary,349.46,416.02,https://yarinohanzo.com/13780-home_default/miyamoto-musashi-iaito-xl-11th-anniversary-iaito-practice-sword-handmade-samurai-sword.jpg,performance,True,2026-07-28
Kuroda Katana 10th Anniversary,359.41,599.02,https://yarinohanzo.com/13407-home_default/kuroda-katana-10th-anniversary-iaito-practice-sword-handmade-samurai-sword.jpg,performance,True,2026-07-28
Shinobigatana ULTIMATE EDITION,346.24,577.06,https://yarinohanzo.com/13392-home_default/shinobigatana-ultimate-edition-iaito-practice-sword-handmade-ninja-sword.jpg,performance,True,2026-07-28
Miyamoto Musashi Iaito 11th Anniversary,320.01,372.10,https://yarinohanzo.com/13303-home_default/miyamoto-musashi-iaito-11th-anniversary-iaito-practice-sword-handmade-samurai-sword.jpg,performance,True,2026-07-28
Jidai Koshirae Iaito,373.20,533.14,https://yarinohanzo.com/12738-home_default/jidai-koshirae-iaito-iaito-practice-sword-handmade-samurai-sword.jpg,performance,True,2026-07-28
Higo Koshirae Iaito Generation 2,317.32,373.32,https://yarinohanzo.com/12387-home_default/higo-koshirae-iaito-generation-2-iaito-practice-sword-handmade-samurai-sword.jpg,performance,True,2026-07-28
Shinden Fudo Ryu Katana,315.24,362.34,https://yarinohanzo.com/12055-home_default/shinden-fudo-ryu-katana-iaito-practice-sword-handmade-samurai-sword.jpg,performance,True,2026-07-28
Fukushima Wakizashi,212.28,212.28,https://yarinohanzo.com/12523-home_default/fukushima-wakizashi-iaito-practice-sword-handmade-samurai-sword.jpg,damascus,True,2026-07-28
Ishikawa Katana,318.97,384.30,https://yarinohanzo.com/12305-home_default/ishikawa-katana-iaito-practice-sword-handmade-samurai-sword.jpg,damascus,True,2026-07-28
Fukushima Katana,233.91,303.78,https://yarinohanzo.com/11329-home_default/fukushima-katana-iaito-practice-sword-handmade-samurai-sword.jpg,damascus,True,2026-07-28
Saito Katana,264.51,362.34,https://yarinohanzo.com/11317-home_default/saito-katana-iaito-practice-sword-handmade-samurai-sword.jpg,damascus,True,2026-07-28
Oni Katana IAITO,992.59,"1,102.88",https://yarinohanzo.com/12459-home_default/oni-katana-iaito-practice-sword-handmade-samurai-sword.jpg,superior,True,2026-07-28
Kamei Katana IAITO,919.39,"1,149.24",https://yarinohanzo.com/12447-home_default/kamei-katana-iaito-practice-sword-handmade-samurai-sword.jpg,superior,True,2026-07-28
Fuji Katana IAITO,959.51,"1,102.88",https://yarinohanzo.com/12437-home_default/fuji-katana-iaito-practice-sword-handmade-samurai-sword.jpg,superior,False,2026-07-28
Togakure Shinobigatana,501.15,533.14,https://yarinohanzo.com/12097-home_default/togakure-shinobigatana-iaito-practice-sword-handmade-ninja-sword.jpg,superior,True,2026-07-28
Dotanuki Katana IAITO,423.94,523.38,https://yarinohanzo.com/11300-home_default/dotanuki-iaito-katana-iaito-practice-sword-handmade-samurai-sword.jpg,superior,False,2026-07-28
Sakai Katana IAITO,561.02,660.02,https://yarinohanzo.com/11286-home_default/sakai-katana-iaito-practice-sword-handmade-samurai-sword.jpg,superior,True,2026-07-28
Kamakiri Katana IAITO,530.94,663.68,https://yarinohanzo.com/11276-home_default/kamakiri-katana-iaito-practice-sword-handmade-samurai-sword.jpg,superior,True,2026-07-28
Araki Katana IAITO,736.36,791.78,https://yarinohanzo.com/11265-home_default/araki-katana-iaito-practice-sword-handmade-samurai-sword.jpg,superior,True,2026-07-28
Nami Katana IAITO,566.57,658.80,https://yarinohanzo.com/11253-home_default/nami-katana-iaito-practice-sword-handmade-samurai-sword.jpg,superior,True,2026-07-28
Kimura Katana IAITO,564.13,663.68,https://yarinohanzo.com/11242-home_default/kimura-katana-iaito-practice-sword-handmade-samurai-sword.jpg,superior,True,2026-07-28
Akechi Katana IAITO,737.49,983.32,https://yarinohanzo.com/11232-home_default/akechi-katana-iaito-practice-sword-handmade-samurai-sword.jpg,superior,True,2026-07-28
Nobunaga Katana IAITO,558.27,697.84,https://yarinohanzo.com/11224-home_default/nobunaga-katana-iaito-practice-sword-handmade-samurai-sword.jpg,superior,True,2026-07-28
Tombo Katana IAITO,539.73,674.66,https://yarinohanzo.com/11215-home_default/tombo-katana-iaito-practice-sword-handmade-samurai-sword.jpg,superior,True,2026-07-28
Tsuru Katana,135.85,159.82,https://yarinohanzo.com/14156-home_default/tsuru-katana-iaito-practice-sword-handmade-samurai-sword.jpg,basic,True,2026-08-07
Hishikari Katana,135.85,159.82,https://yarinohanzo.com/14142-home_default/hishikari-katana-iaito-practice-sword-handmade-samurai-sword.jpg,basic,True,2026-08-07
Takenomori Katana,135.85,159.82,https://yarinohanzo.com/14128-home_default/takenomori-katana-iaito-practice-sword-handmade-samurai-sword.jpg,basic,True,2026-08-07
Shibata Katana,127.86,159.82,https://yarinohanzo.com/14115-home_default/shibata-katana-iaito-practice-sword-handmade-samurai-sword.jpg,basic,True,2026-08-07
Kochō Katana,127.86,159.82,https://yarinohanzo.com/14103-home_default/kocho-katana-iaito-practice-sword-handmade-samurai-sword.jpg,basic,True,2026-08-07
Suiryu Katana,135.85,159.82,https://yarinohanzo.com/14088-home_default/suiryu-katana-iaito-practice-sword-handmade-samurai-sword.jpg,basic,True,2026-08-07
Asakura Wakizashi,95.65,136.64,https://yarinohanzo.com/13516-home_default/asakura-wakizashi-iaito-practice-sword-handmade-samurai-sword.jpg,basic,True,2026-08-07
Musha Wakizashi,106.58,136.64,https://yarinohanzo.com/13506-home_default/musha-wakizashi-iaito-practice-sword-handmade-samurai-sword.jpg,basic,True,2026-08-07
Musashi Wakizashi Basic,106.75,152.50,https://yarinohanzo.com/13497-home_default/musashi-wakizashi-basic-iaito-practice-sword-handmade-samurai-sword.jpg,basic,True,2026-08-07
Yuki Katana,96.08,128.10,https://yarinohanzo.com/12259-home_default/yuki-katana-iaito-practice-sword-handmade-samurai-sword.jpg,basic,True,2026-08-07
Asakura Katana,105.47,115.90,https://yarinohanzo.com/12250-home_default/asakura-katana-iaito-practice-sword-handmade-samurai-sword.jpg,basic,True,2026-08-07
Musha Katana,117.02,132.98,https://yarinohanzo.com/11116-home_default/musha-katana-iaito-practice-sword-handmade-samurai-sword.jpg,basic,True,2026-08-07
Musashi Katana,117.58,148.84,https://yarinohanzo.com/11107-home_default/musashi-katana-iaito-practice-sword-handmade-samurai-sword.jpg,basic,True,2026-08-07
Ronin Katana,149.28,196.42,https://yarinohanzo.com/12174-home_default/ronin-katana-iaito-practice-sword-handmade-samurai-sword.jpg,practical,True,2026-08-07
Musashi Wakizashi,161.06,196.42,https://yarinohanzo.com/11206-home_default/musashi-wakizashi-iaito-practice-sword-handmade-samurai-sword.jpg,practical,True,2026-08-07
Yagyu Katana,139.08,185.44,https://yarinohanzo.com/11196-home_default/yagyu-katana-iaito-practice-sword-handmade-samurai-sword.jpg,practical,True,2026-08-07
Yamamoto Katana,149.40,191.54,https://yarinohanzo.com/11156-home_default/yamamoto-katana-iaito-practice-sword-handmade-samurai-sword.jpg,practical,True,2026-08-07
Nanbu Katana,148.35,185.44,https://yarinohanzo.com/11146-home_default/nanbu-katana-iaito-practice-sword-handmade-samurai-sword.jpg,practical,True,2026-08-07
Musashi Katana,174.24,235.46,https://yarinohanzo.com/11135-home_default/musashi-katana-iaito-practice-sword-handmade-samurai-sword-1.jpg,practical,True,2026-08-07
Minamoto Katana,184.35,267.18,https://yarinohanzo.com/11125-home_default/minamoto-katana-iaito-practice-sword-handmade-samurai-sword.jpg,practical,True,2026-08-07
Murakami Katana,139.46,196.42,https://yarinohanzo.com/12154-home_default/murakami-katana-iaito-practice-sword-handmade-samurai-sword.jpg,practical,True,2026-08-07
Iga Ninja To,230.34,287.92,https://yarinohanzo.com/14176-home_default/iga-ninja-to-iaito-practice-ninja-sword-handmade-sk-ninja-sword.jpg,special,True,2026-08-07
Sakura Iaito XL Generation 2,298.90,427.00,https://yarinohanzo.com/13383-home_default/sakura-iaito-xl-generation-2-iaito-practice-sword-handmade-samurai-sword.jpg,special,True,2026-08-07
Taira Iaito Generation 2,266.25,416.02,https://yarinohanzo.com/13347-home_default/taira-iaito-generation-2-iaito-practice-sword-handmade-samurai-sword.jpg,special,True,2026-08-07
Sankaku Yari,320.25,427.00,https://yarinohanzo.com/12472-home_default/sankaku-yari-iaito-practice-japanese-spear-handmade-samurai-spear.jpg,special,True,2026-08-07
Shinobi Kodachi,105.14,169.58,https://yarinohanzo.com/12189-home_default/shinobi-kodachi-ninja-kodachi-kakushi-ken-handmade-ninja-sword.jpg,special,True,2026-08-07
Shikorogatana,242.44,351.36,https://yarinohanzo.com/12106-home_default/shikorogatana-iaito-practice-sword-handmade-ninja-sword.jpg,special,True,2026-08-07
Shirasaya,105.04,128.10,https://yarinohanzo.com/11446-home_default/shirasaya-iaito-practice-sword-handmade-samurai-sword.jpg,special,True,2026-08-07
Shinobigatana (Traditional Ninja To),191.24,254.98,https://yarinohanzo.com/11395-home_default/shinobigatana-traditional-ninja-to-iaito-practice-sword-handmade-ninja-sword.jpg,special,True,2026-08-07
Jintachi,105.23,152.50,https://yarinohanzo.com/11377-home_default/jintachi-iaito-practice-tachi-sword-handmade-samurai-sword.jpg,special,True,2026-08-07
Nodachi,271.69,319.64,https://yarinohanzo.com/11368-home_default/nodachi-iaito-practice-sword-handmade-samurai-sword.jpg,special,True,2026-08-07
Ô-Katana,234.04,265.96,https://yarinohanzo.com/11359-home_default/o-katana-iaito-practice-sword-handmade-samurai-sword.jpg,special,True,2026-08-07
Sakura Iaito Generation 2,255.18,405.04,https://yarinohanzo.com/11349-home_default/sakura-iaito-generation-2-iaito-practice-sword-handmade-samurai-sword.jpg,special,True,2026-08-07
Performance Iaito,157.09,212.28,https://yarinohanzo.com/11339-home_default/performance-iaito-iaito-practice-sword-handmade-samurai-sword.jpg,special,True,2026-08-07
Nagamaki,212.77,265.96,https://yarinohanzo.com/11093-home_default/nagamaki-iaito-practice-sword-handmade-samurai-sword.jpg,special,True,2026-08-07
O- KATANA LIMITED EDITION,390.71,640.50,https://yarinohanzo.com/14388-home_default/o-katana-limited-edition-handmade-iaito-sword.jpg,special,True,2026-08-07
Higo Koshirae Iaito XL Generation 2,349.46,416.02,https://yarinohanzo.com/13791-home_default/higo-koshirae-iaito-xl-generation-2-iaito-practice-sword-handmade-samurai-sword.jpg,performance,True,2026-08-07
Miyamoto Musashi Iaito XL 11th Anniversary,349.46,416.02,https://yarinohanzo.com/13780-home_default/miyamoto-musashi-iaito-xl-11th-anniversary-iaito-practice-sword-handmade-samurai-sword.jpg,performance,True,2026-08-07
Kuroda Katana 10th Anniversary,359.41,599.02,https://yarinohanzo.com/13407-home_default/kuroda-katana-10th-anniversary-iaito-practice-sword-handmade-samurai-sword.jpg,performance,True,2026-08-07
Shinobigatana ULTIMATE EDITION,346.24,577.06,https://yarinohanzo.com/13392-home_default/shinobigatana-ultimate-edition-iaito-practice-sword-handmade-ninja-sword.jpg,performance,True,2026-08-07
Miyamoto Musashi Iaito 11th Anniversary,320.01,372.10,https://yarinohanzo.com/13303-home_default/miyamoto-musashi-iaito-11th-anniversary-iaito-practice-sword-handmade-samurai-sword.jpg,performance,True,2026-08-07
Jidai Koshirae Iaito,373.20,533.14,https://yarinohanzo.com/12738-home_default/jidai-koshirae-iaito-iaito-practice-sword-handmade-samurai-sword.jpg,performance,True,2026-08-07
Higo Koshirae Iaito Generation 2,317.32,373.32,https://yarinohanzo.com/12387-home_default/higo-koshirae-iaito-generation-2-iaito-practice-sword-handmade-samurai-sword.jpg,performance,True,2026-08-07
Shinden Fudo Ryu Katana,315.24,362.34,https://yarinohanzo.com/12055-home_default/shinden-fudo-ryu-katana-iaito-practice-sword-handmade-samurai-sword.jpg,performance,True,2026-08-07
Fukushima Wakizashi,212.28,212.28,https://yarinohanzo.com/12523-home_default/fukushima-wakizashi-iaito-practice-sword-handmade-samurai-sword.jpg,damascus,True,2026-08-07
Ishikawa Katana,318.97,384.30,https://yarinohanzo.com/12305-home_default/ishikawa-katana-iaito-practice-sword-handmade-samurai-sword.jpg,damascus,True,2026-08-07
Fukushima Katana,233.91,303.78,https://yarinohanzo.com/11329-home_default/fukushima-katana-iaito-practice-sword-handmade-samurai-sword.jpg,damascus,True,2026-08-07
Saito Katana,264.51,362.34,https://yarinohanzo.com/11317-home_default/saito-katana-iaito-practice-sword-handmade-samurai-sword.jpg,damascus,True,2026-08-07
Oni Katana IAITO,992.59,"1,102.88",https://yarinohanzo.com/12459-home_default/oni-katana-iaito-practice-sword-handmade-samurai-sword.jpg,superior,True,2026-08-07
Kamei Katana IAITO,919.39,"1,149.24",https://yarinohanzo.com/12447-home_default/kamei-katana-iaito-practice-sword-handmade-samurai-sword.jpg,superior,True,2026-08-07
Fuji Katana IAITO,959.51,"1,102.88",https://yarinohanzo.com/12437-home_default/fuji-katana-iaito-practice-sword-handmade-samurai-sword.jpg,superior,False,2026-08-07
Togakure Shinobigatana,501.15,533.14,https://yarinohanzo.com/12097-home_default/togakure-shinobigatana-iaito-practice-sword-handmade-ninja-sword.jpg,superior,True,2026-08-07
Dotanuki Katana IAITO,423.94,523.38,https://yarinohanzo.com/11300-home_default/dotanuki-iaito-katana-iaito-practice-sword-handmade-samurai-sword.jpg,superior,False,2026-08-07
Sakai Katana IAITO,561.02,660.02,https://yarinohanzo.com/11286-home_default/sakai-katana-iaito-practice-sword-handmade-samurai-sword.jpg,superior,True,2026-08-07
Kamakiri Katana IAITO,530.94,663.68,https://yarinohanzo.com/11276-home_default/kamakiri-katana-iaito-practice-sword-handmade-samurai-sword.jpg,superior,True,2026-08-07
Araki Katana IAITO,736.36,791.78,https://yarinohanzo.com/11265-home_default/araki-katana-iaito-practice-sword-handmade-samurai-sword.jpg,superior,True,2026-08-07
Nami Katana IAITO,566.57,658.80,https://yarinohanzo.com/11253-home_default/nami-katana-iaito-practice-sword-handmade-samurai-sword.jpg,superior,True,2026-08-07
Kimura Katana IAITO,564.13,663.68,https://yarinohanzo.com/11242-home_default/kimura-katana-iaito-practice-sword-handmade-samurai-sword.jpg,superior,True,2026-08-07
Akechi Katana IAITO,737.49,983.32,https://yarinohanzo.com/11232-home_default/akechi-katana-iaito-practice-sword-handmade-samurai-sword.jpg,superior,True,2026-08-07
Nobunaga Katana IAITO,558.27,697.84,https://yarinohanzo.com/11224-home_default/nobunaga-katana-iaito-practice-sword-handmade-samurai-sword.jpg,superior,True,2026-08-07
Tombo Katana IAITO,539.73,674.66,https://yarinohanzo.com/11215-home_default/tombo-katana-iaito-practice-sword-handmade-samurai-sword.jpg,superior,True,2026-08-07
